Key,RA,DEC,K,Kerr,J-K,J-Kerr,#obs,class,pmRA,pmDEC,parallax,errpmRA,errpmDec,errparallax
0,19:42:34,-15:35:36.0,15.506,0.009,1.012,0.014,4,-2,-1.091,0.421,1.351,0.659,0.535,0.4226
0,19:42:14,-15:26:47.3,15.385,0.012,1.003,0.018,2,-2,-1.328,-2.041,1.035,0.785,0.785,0.4463
0,19:41:52,-15:25:09.9,15.332,0.012,1.067,0.018,2,-2,2.316,-1.687,0.829,0.924,0.767,0.6276
0,19:44:18,-15:22:38.9,15.665,0.012,0.905,0.017,4,-2,-1.42,-1.904,0.608,0.802,0.671,0.4769
0,19:44:04,-15:22:45.1,15.175,0.008,0.956,0.012,4,-2,-2.156,-1.472,0.628,0.758,0.539,0.4591
0,19:44:10,-15:22:53.5,15.903,0.013,0.792,0.022,3,-2,-1.373,-1.395,0.615,0.748,0.596,0.4267
0,19:43:39,-15:24:40.5,15.72,0.017,0.928,0.024,2,-2,-0.446,-0.784,0.619,0.834,0.648,0.4887
0,19:44:12,-15:24:47.2,15.435,0.013,0.955,0.019,2,-2,3.99,-3.984,-0.745,2.492,1.985,1.5679
0,19:43:35,-15:27:27.7,15.77,0.017,0.881,0.025,2,-2,-0.608,0.053,0.317,0.965,1.059,0.3427
0,19:43:46,-15:29:34.7,15.606,0.015,0.967,0.022,2,-2,0.23,0.245,1.843,1.202,1.03,0.5859
0,19:43:40,-15:30:21.3,15.327,0.013,0.989,0.019,2,-2,-0.015,-0.742,0.762,0.609,0.46,0.3542
0,19:43:59,-15:32:26.7,15.755,0.017,0.832,0.023,2,-2,1.421,-1.236,0.806,0.692,0.539,0.4202
0,19:44:00,-15:06:51.9,15.515,0.013,0.957,0.019,2,-2,-2.822,-2.927,0.213,1.307,0.902,0.5684
0,19:41:55,-15:01:12.2,15.516,0.015,0.934,0.021,2,-2,-2.47,-1.885,0.914,0.898,0.633,0.4478
0,19:42:25,-14:58:59.9,15.483,0.014,0.83,0.019,2,-2,0.69,-1.097,0.322,0.421,0.346,0.2357
0,19:43:26,-15:23:06.0,15.636,0.015,0.809,0.021,2,-2,2.212,0.044,-1.336,1.277,0.831,0.5592
0,19:43:14,-15:28:47.8,14.852,0.008,0.802,0.012,2,-2,-0.994,-0.842,0.019,0.323,0.249,0.1724
0,19:43:00,-15:26:25.1,15.534,0.013,1.056,0.021,2,-2,0.882,-2.613,0.599,1.042,0.849,0.5771
0,19:42:50,-15:22:57.2,15.544,0.009,0.944,0.013,4,-2,1.334,0.073,0.534,0.559,0.438,0.3244
0,19:42:43,-15:28:22.7,15.709,0.014,0.927,0.021,2,-2,0.515,-1.465,0.537,0.545,0.426,0.342
0,19:44:39,-15:26:29.5,15.669,0.015,0.797,0.021,2,-2,-0.25,0.172,0.144,0.429,0.336,0.239
0,19:45:18,-15:30:38.7,15.711,0.01,0.859,0.015,4,-2,-0.943,0.05,0.186,0.775,0.613,0.4274
0,19:45:03,-15:33:21.8,14.968,0.009,0.972,0.014,2,0,-0.829,-0.714,0.274,1.092,0.802,0.6499
0,19:44:41,-15:34:02.9,15.699,0.015,0.835,0.022,2,-2,-0.947,-1.122,0.646,0.546,0.425,0.3024
0,19:44:46,-14:58:49.2,14.96,0.009,0.984,0.013,2,-2,0.325,0.632,0.044,0.425,0.406,0.2115
0,19:44:51,-14:57:10.0,14.915,0.008,1.013,0.013,2,-2,-0.558,-0.038,0.015,0.417,0.377,0.2349
0,19:44:59,-15:01:20.2,14.971,0.009,1.066,0.014,2,-2,0.415,-0.649,-0.334,0.419,0.368,0.2563
0,19:45:00,-14:56:23.3,15.49,0.009,0.872,0.013,4,-2,-0.911,-0.528,-0.087,0.485,0.45,0.2818
0,19:45:03,-15:04:15.1,15.202,0.01,0.939,0.016,2,-2,-0.743,0.62,1.022,0.62,0.597,0.3328
0,19:45:13,-14:58:43.9,13.478,0.004,0.959,0.006,2,-2,-0.17,0.002,0.059,0.165,0.147,0.1013
0,19:45:14,-14:58:25.2,15.713,0.018,0.888,0.024,2,-2,0.323,-0.558,-0.452,0.458,0.423,0.2721
0,19:42:47,-15:08:15.8,15.604,0.014,0.949,0.021,2,-2,-2.166,-0.843,0.763,0.685,0.491,0.4003
0,19:43:12,-15:07:57.1,15.086,0.01,0.975,0.015,2,-2,0.388,-0.915,0.362,0.35,0.285,0.1765
0,19:43:15,-15:03:40.8,15.635,0.015,0.811,0.021,2,-2,0.136,-0.779,-0.061,0.588,0.462,0.2654
0,19:43:14,-15:01:37.4,15.739,0.016,0.886,0.023,2,-2,-0.821,0.793,-0.032,0.612,0.46,0.2888
0,19:42:50,-14:59:13.0,15.532,0.014,0.991,0.021,2,-2,-5.078,-2.453,1.975,1.774,1.426,1.0301
0,19:42:57,-14:58:33.6,15.555,0.014,0.796,0.02,2,-2,-0.942,-1.142,0.411,0.521,0.384,0.3475
0,19:43:20,-14:58:19.6,15.142,0.01,0.952,0.016,2,-2,2.266,-0.222,0.36,0.944,0.638,0.5459
0,19:42:31,-15:22:11.0,15.502,0.012,0.982,0.02,2,-2,1.166,-1.661,0.995,1.008,0.864,0.5511
0,19:42:25,-15:21:50.1,15.519,0.012,0.987,0.021,2,-2,0.649,-1.304,0.556,0.754,0.664,0.4037
0,19:42:15,-15:11:02.9,15.667,0.014,0.878,0.022,2,-2,-0.661,0.597,1.073,0.522,0.406,0.3808
0,19:42:13,-15:10:57.3,15.345,0.011,0.969,0.019,2,-2,-0.715,-1.427,0.785,0.651,0.514,0.3651
0,19:43:48,-15:11:11.6,15.632,0.014,0.951,0.024,2,-2,-1.465,-0.561,0.743,0.614,0.431,0.3188
0,19:43:38,-15:14:55.0,15.391,0.012,1.042,0.021,2,-2,-0.18,-0.639,1.436,1.235,0.938,0.7356
0,19:43:41,-14:51:13.1,15.452,0.011,0.971,0.019,2,0,0.534,0.399,1.011,0.621,0.577,0.3296
0,19:44:12,-14:46:23.3,15.326,0.011,0.928,0.018,2,-2,-0.011,0.216,-0.025,0.412,0.344,0.2448
0,19:44:16,-14:55:50.0,15.676,0.014,0.8,0.021,2,-2,-0.899,-1.063,0.434,0.444,0.358,0.2495
0,19:44:17,-14:53:31.2,15.214,0.01,0.898,0.016,2,-2,2.334,-2.289,1.207,1.247,0.95,0.7349
0,19:44:22,-14:50:41.0,15.516,0.012,0.865,0.016,3,-2,-0.238,0.133,0.239,0.373,0.312,0.2212
0,19:42:22,-14:45:11.9,14.122,0.005,0.934,0.009,2,-2,-2.199,-1.621,1.416,0.901,0.698,0.5268
0,19:43:26,-15:21:23.6,15.596,0.013,0.996,0.02,2,-2,-1.338,0.689,0.677,0.876,0.656,0.4532
0,19:43:13,-15:10:54.2,15.53,0.012,0.867,0.018,2,-2,0.012,-1.532,0.592,0.592,0.451,0.3112
0,19:42:41,-15:20:19.1,15.768,0.015,0.888,0.022,2,-2,-0.803,-0.005,0.485,0.575,0.461,0.3202
0,19:42:37,-15:13:56.4,15.172,0.01,1.002,0.015,2,-2,-2.108,-0.798,0.425,0.823,0.593,0.6612
0,19:44:40,-15:12:01.8,15.665,0.014,0.96,0.021,2,-2,1.694,-0.958,1.465,1.187,0.724,0.5231
0,19:44:55,-15:17:02.2,15.539,0.013,0.967,0.02,2,-2,-1.934,0.731,1.45,1.11,0.641,0.4711
0,19:44:45,-15:22:04.0,15.247,0.011,0.832,0.016,2,-2,0.328,-0.372,0.444,0.337,0.241,0.1937
0,19:44:30,-14:52:36.9,14.635,0.007,1.013,0.011,2,-2,-0.598,-0.365,0.111,0.315,0.248,0.1877
0,19:44:30,-14:48:35.9,13.549,0.004,0.99,0.006,2,-2,0.17,-0.003,-0.002,0.208,0.178,0.1267
0,19:44:32,-14:49:26.7,13.178,0.003,1.059,0.005,2,-2,-0.227,-0.069,-0.037,0.16,0.134,0.0964
0,19:44:34,-14:45:43.3,15.456,0.012,0.86,0.018,2,-2,-0.226,-0.206,-0.05,0.423,0.324,0.2528
0,19:44:35,-14:47:35.6,15.213,0.01,0.906,0.015,2,-2,0.701,0.052,-0.235,0.482,0.381,0.2827
0,19:44:40,-14:47:25.5,15.596,0.013,0.98,0.02,2,-2,-1.118,-0.933,0.535,0.58,0.472,0.3632
0,19:44:41,-14:42:57.8,15.165,0.007,1.045,0.011,4,-2,-0.846,-0.982,0.318,0.472,0.391,0.2886
0,19:44:42,-14:50:27.9,15.41,0.011,0.886,0.017,2,-2,-0.84,-0.642,0.35,0.461,0.408,0.2884
0,19:44:43,-14:51:51.5,14.786,0.007,0.953,0.011,2,-2,0.192,0.208,0.119,0.332,0.296,0.1898
0,19:44:44,-14:46:11.0,13.08,0.003,1.106,0.005,2,-2,-0.233,-0.129,0.243,0.197,0.167,0.1194
0,19:44:44,-14:51:31.3,14.232,0.005,1.098,0.009,2,-2,-0.634,-0.225,0.377,0.28,0.25,0.1592
0,19:44:45,-14:51:18.6,13.53,0.003,1.052,0.006,2,-2,0.192,0.048,-0.119,0.192,0.169,0.1116
0,19:44:45,-14:42:49.6,15.311,0.007,0.995,0.011,4,-2,0.418,-0.475,-0.086,0.438,0.378,0.2434
0,19:44:45,-14:51:25.1,15.052,0.009,0.984,0.014,2,-2,-0.225,-0.603,-0.243,0.461,0.41,0.2653
0,19:44:46,-14:50:51.0,14.974,0.008,1.04,0.014,2,-2,0.701,0.447,0.104,0.412,0.368,0.2295
0,19:44:46,-14:51:08.1,14.829,0.008,0.978,0.012,2,-2,-0.071,0.159,0.061,0.353,0.317,0.1974
0,19:44:46,-14:51:02.8,14.505,0.006,1.052,0.01,2,-2,0.085,-0.352,-0.149,0.305,0.273,0.1741
0,19:44:46,-14:49:45.3,15.62,0.013,0.982,0.021,2,-2,0.875,1.257,-0.281,0.601,0.546,0.3342
0,19:44:46,-14:52:21.7,12.812,0.002,1.08,0.004,2,-2,-0.196,-0.06,-0.042,0.162,0.146,0.0858
0,19:44:47,-14:46:39.4,15.531,0.012,0.96,0.018,2,-2,0.234,0.686,0.055,0.495,0.42,0.2812
0,19:44:47,-14:52:11.3,15.495,0.012,0.928,0.018,2,-2,0.467,0.32,-0.509,0.487,0.44,0.274
0,19:44:47,-14:46:27.4,15.108,0.009,1.048,0.015,2,-2,-0.214,-0.464,0.041,0.454,0.38,0.268
0,19:44:48,-14:52:15.8,14.454,0.006,1.107,0.01,2,-2,0.094,-0.142,-0.083,0.351,0.312,0.2004
0,19:44:47,-14:42:56.4,15.397,0.007,1.1,0.012,4,-2,-0.298,-0.889,0.331,0.794,0.621,0.4101
0,19:44:47,-14:44:08.2,15.035,0.009,1.131,0.015,2,-2,-0.312,0.157,0.515,0.631,0.564,0.3566
0,19:44:48,-14:50:52.9,13.287,0.003,1.112,0.005,2,-2,-0.478,0.099,0.035,0.198,0.171,0.1137
0,19:44:48,-14:45:18.4,14.019,0.005,1.02,0.008,2,-2,0.265,-0.101,-0.23,0.226,0.19,0.131
0,19:44:48,-14:51:02.8,15.31,0.011,0.998,0.017,2,-2,-0.415,-0.618,-0.452,0.471,0.428,0.2626
0,19:44:50,-14:53:27.7,15.439,0.012,0.953,0.018,2,-2,0.128,0.595,-0.102,0.502,0.45,0.2847
0,19:44:50,-14:50:45.4,15.675,0.014,0.923,0.021,2,-2,-0.726,-0.47,-0.183,0.596,0.523,0.3453
0,19:44:50,-14:44:10.4,14.122,0.005,0.999,0.008,2,-2,-0.222,0.304,0.085,0.285,0.239,0.1635
0,19:44:51,-14:55:33.9,15.215,0.01,1.081,0.016,2,-2,-0.651,-0.532,0.335,0.625,0.544,0.3785
0,19:44:51,-14:46:14.5,14.795,0.007,1.008,0.011,2,-2,-0.044,-0.299,0.179,0.386,0.343,0.2165
0,19:44:51,-14:50:36.7,14.91,0.008,1.051,0.013,2,-2,0.346,-0.392,0.685,0.487,0.44,0.2643
0,19:44:51,-14:52:27.2,14.837,0.008,1.123,0.013,2,-2,0.441,0.549,0.298,0.459,0.414,0.2656
0,19:44:51,-14:43:55.8,12.577,0.002,1.011,0.004,2,-2,-0.098,0.037,-0.132,0.216,0.183,0.1209
0,19:44:52,-14:46:57.2,15.332,0.011,1.18,0.019,2,-2,0.094,1.909,1.691,1.165,0.994,0.7857
0,19:44:52,-14:48:58.1,14.714,0.007,1.125,0.012,2,-2,0.573,-0.086,-0.299,0.455,0.382,0.256
0,19:44:52,-14:44:29.8,14.34,0.006,1.027,0.009,2,-2,0.304,-0.137,-0.373,0.274,0.232,0.1593
0,19:44:52,-14:43:20.5,13.479,0.002,1.087,0.004,4,-2,-1.049,-0.223,0.539,0.257,0.213,0.1486
0,19:44:52,-14:45:24.4,15.591,0.013,0.901,0.02,2,-2,0.062,-0.399,-0.041,0.58,0.534,0.3101
0,19:44:53,-14:53:06.8,15.188,0.01,0.93,0.015,2,-2,-0.52,-0.433,0.074,0.377,0.341,0.2084
0,19:44:53,-14:54:07.0,15.423,0.011,0.996,0.018,2,-2,0.666,0.822,0.356,0.479,0.425,0.2803
0,19:44:53,-14:45:24.7,14.141,0.005,1.069,0.009,2,-2,-0.161,-0.223,-0.13,0.343,0.307,0.2005
0,19:44:53,-14:50:54.8,15.43,0.012,0.992,0.018,2,-2,0.835,0.865,-0.567,0.51,0.452,0.291
0,19:44:54,-14:52:46.4,15.137,0.009,0.961,0.014,2,-2,0.142,-0.316,-0.397,0.439,0.389,0.2512
0,19:44:53,-14:45:40.4,14.972,0.008,1.011,0.013,2,-2,0.011,0.211,-0.135,0.48,0.418,0.2653
0,19:44:53,-14:45:52.8,14.07,0.005,1.023,0.008,2,-2,0.059,-0.329,-0.23,0.235,0.21,0.1282
0,19:44:54,-14:46:18.2,14.125,0.005,1.154,0.009,2,-2,0.341,0.546,0.111,0.35,0.305,0.2122
0,19:44:54,-14:52:48.4,15.144,0.009,0.998,0.014,2,-2,-0.319,-0.152,-0.106,0.413,0.352,0.2301
0,19:44:54,-14:53:04.1,14.239,0.005,1.034,0.009,2,-2,-0.478,-0.411,0.137,0.266,0.229,0.1581
0,19:44:54,-14:43:42.1,14.68,0.007,0.954,0.011,2,-2,0.005,0.467,-0.027,0.303,0.253,0.1737
0,19:44:55,-14:52:46.9,14.298,0.005,1.01,0.009,2,-2,-0.018,-0.208,-0.083,0.252,0.22,0.1479
0,19:44:54,-14:50:04.9,15.112,0.009,1.002,0.014,2,0,-0.339,-0.386,0.079,0.45,0.406,0.2532
0,19:44:54,-14:48:06.5,13.329,0.003,1.131,0.005,2,-2,-0.437,0.036,-0.101,0.21,0.182,0.1145
0,19:44:55,-14:46:07.4,15.23,0.01,1.004,0.016,2,-2,0.04,0.067,0.479,0.6,0.555,0.2967
0,19:44:55,-14:52:16.7,14.252,0.005,1.032,0.009,2,-2,-0.067,-0.076,-0.071,0.299,0.26,0.1762
0,19:44:55,-14:52:29.6,15.188,0.01,0.928,0.015,2,-2,0.002,0.161,0.209,0.405,0.353,0.2364
0,19:44:55,-14:50:55.5,15.119,0.009,1.169,0.016,2,-2,-0.567,0.032,0.07,0.69,0.591,0.3771
0,19:44:55,-14:46:36.1,15.525,0.012,1.003,0.019,2,-2,-0.133,-0.083,-0.094,0.527,0.483,0.2973
0,19:44:56,-14:44:17.9,15.341,0.011,1.163,0.019,2,-2,-0.549,-0.704,-0.33,0.834,0.742,0.4613
0,19:44:54,-14:44:24.7,13.743,0.004,0.98,0.006,2,-2,0.046,0.224,-0.17,0.201,0.178,0.1138
0,19:44:56,-14:51:09.8,15.207,0.01,1.003,0.016,2,-2,0.454,0.016,-0.132,0.444,0.407,0.2575
0,19:44:56,-14:43:21.0,14.37,0.004,1.022,0.006,4,-2,-0.104,-0.12,-0.176,0.251,0.211,0.1444
0,19:44:56,-14:49:03.6,14.935,0.008,1.127,0.014,2,-2,-0.964,-0.818,0.448,0.736,0.643,0.4135
0,19:44:55,-14:43:48.1,12.796,0.002,1.104,0.004,2,-2,-0.516,-0.311,-0.075,0.176,0.148,0.1001
0,19:44:57,-14:47:04.9,15.665,0.014,0.882,0.021,2,0,1.467,0.24,-1.471,1.276,1.08,0.7354
0,19:44:57,-14:52:32.1,15.169,0.01,0.915,0.015,2,-2,0.04,-0.146,-0.099,0.368,0.324,0.2148
0,19:44:56,-14:45:30.2,13.671,0.004,1.16,0.006,2,-2,-0.437,-0.329,0.063,0.31,0.295,0.1828
0,19:44:56,-14:51:28.3,15.663,0.014,0.952,0.021,2,-2,-0.338,0.728,-0.15,0.677,0.597,0.4011
0,19:44:57,-14:53:28.9,15.473,0.012,1.052,0.019,2,-2,1.396,0.256,-0.106,0.596,0.581,0.3223
0,19:44:57,-14:54:08.4,13.998,0.005,1.028,0.008,2,-2,-0.502,-0.213,-0.045,0.224,0.205,0.1271
0,19:44:57,-14:44:25.5,13.811,0.004,1.052,0.006,2,-2,0.111,0.068,-0.038,0.336,0.297,0.1618
0,19:44:57,-14:48:58.8,14.842,0.008,0.997,0.012,2,-2,-0.139,-0.151,-0.085,0.341,0.301,0.1972
0,19:44:58,-14:48:28.3,13.904,0.004,0.975,0.006,2,-2,0.002,-0.076,0.003,0.249,0.216,0.1452
0,19:44:58,-14:46:38.5,15.254,0.01,1.171,0.017,2,-2,0.706,-0.086,-0.092,1.09,0.951,0.6077
0,19:44:57,-14:49:20.5,12.514,0.002,1.038,0.004,2,-2,-0.133,0.033,-0.099,0.135,0.114,0.0782
0,19:44:58,-14:49:17.3,14.349,0.006,1.024,0.009,2,-2,0.235,0.123,-0.035,0.324,0.276,0.1936
0,19:44:58,-14:44:09.4,14.118,0.005,0.996,0.008,2,-2,0.12,0.037,0.168,0.248,0.205,0.1347
0,19:44:58,-14:45:51.0,13.247,0.003,1.064,0.005,2,-2,-0.265,-0.197,0.071,0.216,0.186,0.1238
0,19:44:58,-14:44:56.4,13.657,0.004,1.042,0.006,2,-2,-0.408,-0.534,0.225,0.216,0.185,0.1227
0,19:44:58,-14:44:47.2,13.184,0.003,1.035,0.005,2,-2,-0.114,-0.085,0.033,0.161,0.132,0.0934
0,19:44:59,-14:50:37.1,15.341,0.011,0.959,0.017,2,-2,-0.453,0.248,0.126,0.465,0.403,0.274
0,19:44:59,-14:51:00.9,15.039,0.009,1.027,0.014,2,-2,-0.55,-0.517,0.172,0.422,0.366,0.2587
0,19:44:59,-14:50:29.2,15.431,0.012,0.83,0.017,2,-2,-0.288,-0.176,0.185,0.381,0.349,0.2219
0,19:44:59,-14:46:14.8,15.356,0.011,1.132,0.018,2,0,1.162,1.15,-0.415,1.432,1.245,0.8184
0,19:44:59,-14:50:15.5,15.534,0.012,0.893,0.018,2,-2,-0.91,-0.466,-0.104,0.502,0.417,0.2886
0,19:44:59,-14:52:38.4,14.911,0.008,1.141,0.014,2,-2,-0.859,0.648,0.745,0.552,0.512,0.3097
0,19:45:00,-14:52:30.6,14.685,0.007,0.976,0.011,2,-2,0.302,0.29,-0.03,0.334,0.308,0.1897
0,19:45:00,-14:53:00.0,15.514,0.012,0.9,0.018,2,-2,0.032,0.058,-0.168,0.507,0.518,0.265
0,19:45:00,-14:46:36.9,15.215,0.01,1,0.016,2,-2,0.294,0.191,0.068,0.471,0.409,0.2789
0,19:45:00,-14:49:15.4,14.784,0.007,1.039,0.011,2,0,-0.541,-0.54,0.019,0.36,0.314,0.2156
0,19:45:00,-14:53:33.8,15.584,0.013,0.962,0.02,2,-2,0.926,0.984,-0.351,0.582,0.537,0.3193
0,19:45:00,-14:47:59.1,14.562,0.006,1.065,0.01,2,-2,-0.737,0.358,0.439,0.354,0.314,0.2024
0,19:45:01,-14:52:34.8,15.343,0.011,0.993,0.017,2,-2,-0.16,-0.258,-0.092,0.514,0.466,0.3044
0,19:45:01,-14:48:26.8,13.599,0.004,1.131,0.006,2,-2,-0.046,-0.281,-0.096,0.213,0.184,0.1264
0,19:45:00,-14:48:23.0,14.756,0.007,0.83,0.011,2,-2,0.597,0.264,-0.135,0.438,0.366,0.2609
0,19:45:01,-14:54:38.1,14.938,0.008,0.934,0.013,2,-2,-0.042,-0.304,0.262,0.331,0.303,0.1974
0,19:45:02,-14:55:16.5,15.338,0.011,1.027,0.017,2,-2,0.128,0.217,0.291,0.573,0.52,0.3401
0,19:45:02,-14:53:21.5,15.457,0.012,1.005,0.018,2,-2,-0.095,-0.272,0.344,0.558,0.514,0.3251
0,19:45:04,-14:43:37.8,14.932,0.009,0.978,0.013,2,-2,-0.367,0.71,-0.153,0.422,0.356,0.2379
0,19:45:04,-14:42:47.8,15.365,0.008,1.178,0.013,4,-2,0.315,-1.91,-0.367,0.617,0.544,0.3465
0,19:45:04,-14:54:44.7,14.527,0.006,1.121,0.01,2,-2,0.504,-0.302,-0.218,0.388,0.352,0.2304
0,19:45:04,-14:55:02.3,14.594,0.007,0.983,0.011,2,-2,0.3,0.441,-0.27,0.292,0.264,0.1797
0,19:45:04,-14:55:33.9,15.139,0.009,0.941,0.014,2,-2,-0.662,-0.209,0.563,0.437,0.395,0.263
0,19:45:04,-14:54:06.6,15.039,0.009,1.024,0.014,2,-2,-0.904,-1.114,0.015,0.455,0.415,0.2683
0,19:45:05,-14:55:37.6,15.249,0.01,0.935,0.016,2,-2,-0.216,-0.026,0.225,0.435,0.404,0.2516
0,19:45:06,-14:53:54.2,15.611,0.013,1.002,0.021,2,-2,0.129,0.749,-0.067,0.584,0.542,0.3408
0,19:45:06,-14:55:33.2,15.482,0.012,0.868,0.018,2,-2,0.249,0.464,0.602,0.477,0.433,0.2845
0,19:45:06,-14:54:58.1,14.087,0.005,1.03,0.008,2,-2,-0.186,-0.005,0.224,0.252,0.225,0.1531
0,19:45:06,-14:55:17.7,14.925,0.008,0.939,0.013,2,-2,0.457,0.262,-0.225,0.356,0.321,0.2183
0,19:45:06,-14:55:37.4,15.035,0.009,1.037,0.014,2,-2,-0.223,-0.054,-0.289,0.421,0.389,0.2467
0,19:45:06,-14:52:31.8,14.959,0.008,0.964,0.013,2,-2,0.651,0.578,0.16,0.364,0.333,0.2128
0,19:45:06,-14:51:36.0,14.493,0.006,1.086,0.01,2,-2,-0.285,0.234,-0.141,0.401,0.344,0.2191
0,19:45:07,-14:50:31.6,14.772,0.007,1.005,0.011,2,-2,-0.002,0.04,0.116,0.352,0.324,0.2004
0,19:45:07,-14:51:07.5,15.482,0.012,1.031,0.019,2,-2,0.133,-0.112,-0.123,0.558,0.499,0.3432
0,19:45:08,-14:55:17.0,13.408,0.003,1.084,0.005,2,-2,-0.224,-0.348,-0.136,0.179,0.166,0.1066
0,19:45:08,-14:55:21.0,15.329,0.011,0.983,0.017,2,-2,-0.5,-0.746,-0.44,0.445,0.416,0.2616
0,19:45:10,-14:53:45.0,14.823,0.008,0.956,0.012,2,-2,0.505,0.271,-0.059,0.347,0.316,0.2034
0,19:45:10,-14:51:17.1,15.155,0.009,0.899,0.014,2,-2,0.677,0.548,-0.005,0.401,0.356,0.2381
0,19:45:11,-14:54:26.2,15.379,0.011,0.956,0.017,2,-2,-0.317,-0.118,0.061,0.429,0.394,0.2557
0,19:45:11,-14:53:51.6,15.247,0.01,0.963,0.016,2,-2,-0.252,0.022,0.054,0.442,0.405,0.2618
0,19:45:12,-14:52:30.6,15.544,0.012,1.022,0.019,2,-2,0.515,0.576,0.27,0.719,0.619,0.4182
0,19:45:12,-14:53:17.5,15.33,0.011,0.882,0.016,2,-2,-0.119,-0.286,-0.113,0.416,0.363,0.2609
0,19:45:12,-14:55:56.7,15.49,0.012,0.934,0.018,2,-2,0.978,0.827,-0.439,0.486,0.445,0.2941
0,19:45:13,-14:50:02.3,15.233,0.01,1.178,0.017,2,-2,-0.766,-1.153,-0.685,0.942,0.858,0.5578
0,19:45:15,-14:48:04.1,15.396,0.008,0.875,0.014,3,-2,-0.284,0.034,-0.09,0.479,0.444,0.2627
0,19:45:17,-14:46:48.8,15.01,0.006,0.964,0.009,4,-2,-0.385,-0.523,-0.16,0.362,0.326,0.2125
0,19:45:18,-14:46:21.8,15.315,0.007,1.123,0.012,4,-2,-0.828,-1.117,0.6,0.735,0.671,0.408
0,19:43:07,-14:47:49.5,15.812,0.016,0.819,0.023,2,-2,0.499,-0.865,0.793,0.467,0.389,0.2675
0,19:42:44,-14:44:18.8,15.203,0.011,0.969,0.016,2,-2,-2.26,-0.986,1.683,1.738,1.383,0.9538
0,19:46:02,-15:30:01.1,15.808,0.014,0.863,0.021,2,-2,1.033,-1.327,0.462,0.643,0.514,0.3318
0,19:45:47,-15:27:57.0,15.352,0.01,0.859,0.015,2,-2,-0.32,-0.682,0.191,0.407,0.29,0.2225
0,19:45:46,-15:36:06.6,15.267,0.01,0.944,0.015,2,-2,1.454,1.769,0.621,1.496,0.935,0.7725
0,19:45:35,-15:23:18.7,15.687,0.01,0.879,0.017,3,-2,0.148,-0.274,0.696,0.681,0.486,0.3485
0,19:47:46,-15:25:11.0,15.535,0.012,0.965,0.018,2,-2,-4.651,1.065,0.897,2.133,1.771,1.1687
0,19:47:42,-15:26:05.7,15.389,0.011,1.047,0.017,2,-2,-0.641,-1.902,0.848,0.64,0.543,0.3424
0,19:47:11,-15:32:01.1,15.447,0.011,1.023,0.018,2,-2,0.238,-0.486,0.95,0.589,0.482,0.339
0,19:47:54,-15:33:54.3,15.112,0.009,0.929,0.013,2,-2,-0.467,0.293,0.747,0.553,0.469,0.2629
0,19:47:07,-15:02:10.9,15.57,0.008,1.028,0.013,4,-2,-2.036,1.129,0.739,0.795,0.684,0.4562
0,19:47:44,-15:00:26.1,15.323,0.01,0.911,0.015,2,-2,0.02,0.816,0.665,0.481,0.378,0.2675
0,19:48:02,-15:05:02.6,15.793,0.01,0.875,0.014,4,-2,-3.398,0.45,-0.172,1.049,0.842,0.6089
0,19:45:45,-15:07:07.4,15.608,0.013,0.995,0.02,2,-2,1.073,-2.999,1.775,1.026,0.91,0.5703
0,19:46:04,-15:06:16.3,15.381,0.011,0.803,0.016,2,-2,-0.071,-0.085,0.321,0.304,0.26,0.1915
0,19:45:34,-14:59:05.5,14.892,0.008,0.993,0.013,2,-2,-0.336,-0.161,-0.029,0.349,0.341,0.1899
0,19:45:21,-14:59:05.0,14.675,0.007,0.943,0.011,2,-2,-0.479,-0.101,0.077,0.247,0.22,0.1537
0,19:45:24,-14:56:10.2,14.495,0.006,1.15,0.008,3,-2,0.536,0.212,-0.218,0.399,0.328,0.2621
0,19:46:36,-15:24:18.7,15.554,0.011,0.968,0.017,2,-2,-0.591,0.177,0.649,0.527,0.433,0.3289
0,19:46:23,-15:30:02.2,15.867,0.014,0.816,0.021,2,-2,-1.785,0.165,0.487,0.502,0.372,0.2893
0,19:46:20,-15:33:03.5,15.541,0.011,0.964,0.017,2,-2,2.322,-1.447,1.261,0.987,0.678,0.5432
0,19:48:43,-15:22:23.2,15.752,0.013,0.898,0.017,3,-2,-2.068,-1.39,0.817,0.619,0.593,0.3751
0,19:48:35,-15:26:05.7,15.583,0.012,1.01,0.018,2,-2,4.389,0.907,2.178,1.944,2.064,0.8407
0,19:48:15,-15:26:12.9,15.53,0.011,1.032,0.018,2,-2,0.062,-2.055,1.257,0.899,0.822,0.5184
0,19:48:27,-15:27:53.4,15.546,0.011,0.841,0.016,2,-2,0.629,-1.38,0.403,0.426,0.37,0.2747
0,19:48:19,-15:32:38.1,15.645,0.012,0.95,0.018,2,-2,0.144,-1.345,0.344,0.513,0.448,0.2918
0,19:48:48,-15:34:33.7,14.962,0.008,1.03,0.013,2,-2,-0.541,1.782,-1.356,1.263,1.144,0.6989
0,19:48:36,-15:05:06.3,15.765,0.013,0.822,0.018,2,-2,0.466,-0.027,1.025,0.596,0.444,0.3424
0,19:46:52,-15:03:22.0,15.745,0.014,0.91,0.021,2,-2,-0.437,0.598,0.938,0.526,0.473,0.3243
0,19:46:50,-14:56:39.0,15.45,0.008,0.893,0.014,3,-2,-1.666,-1.074,0.029,0.468,0.409,0.2675
0,19:45:31,-15:13:51.4,15.595,0.012,0.83,0.017,2,-2,-0.667,-0.259,0.243,0.367,0.308,0.2167
0,19:45:22,-15:20:47.5,15.603,0.012,0.978,0.018,2,-2,2.241,-2.075,1.19,1.311,0.944,0.7223
0,19:47:36,-15:12:21.9,15.298,0.01,0.99,0.015,2,-2,-1.59,0.114,0.406,0.494,0.46,0.2724
0,19:47:30,-15:13:13.2,15.575,0.012,1.009,0.018,2,-2,0.047,-0.645,0.926,0.663,0.572,0.3954
0,19:47:43,-15:17:38.8,15.681,0.013,0.861,0.018,2,-2,0.28,-0.956,0.49,0.45,0.388,0.2414
0,19:47:43,-14:53:46.4,15.354,0.01,0.962,0.015,2,-2,2.074,-1.265,0.47,0.972,0.741,0.5985
0,19:47:55,-14:54:38.2,15.498,0.011,0.888,0.016,2,-2,0.148,0.271,0.669,1.625,1.294,1.0779
0,19:47:56,-14:43:53.7,15.67,0.012,0.914,0.018,2,-2,-1.513,-0.327,0.677,0.732,0.496,0.5672
0,19:45:44,-14:55:53.4,13.565,0.003,0.95,0.005,2,-2,-0.18,-0.003,-0.147,0.161,0.145,0.0957
0,19:45:22,-14:55:42.6,15.657,0.013,0.907,0.019,2,-2,0.03,-0.127,0.111,0.411,0.378,0.2477
0,19:46:12,-14:55:34.5,15.754,0.01,0.803,0.014,4,-2,-0.993,-1.061,0.153,0.373,0.322,0.2188
0,19:45:20,-14:55:13.4,14.956,0.008,1.01,0.013,2,-2,-0.115,-0.448,-0.321,0.401,0.382,0.2287
0,19:45:31,-14:50:05.1,15.745,0.014,0.905,0.021,2,-2,0.177,0.284,0.05,0.526,0.464,0.3194
0,19:45:22,-14:50:04.0,15.105,0.009,1.173,0.015,2,-2,-0.155,-0.037,0.265,0.599,0.539,0.3614
0,19:45:44,-14:49:34.3,14.996,0.008,1.063,0.013,2,-2,-0.366,0.756,0.125,0.408,0.371,0.2622
0,19:45:36,-14:47:02.7,15.378,0.011,1.121,0.017,2,-2,0.011,1.031,1.051,0.856,0.768,0.5057
0,19:45:46,-14:45:48.2,15.461,0.011,0.995,0.017,2,-2,-1.809,-0.476,0.756,0.668,0.591,0.3742
0,19:45:20,-14:45:45.2,15.336,0.01,1.105,0.016,2,-2,0.074,0.015,0.286,0.679,0.646,0.3724
0,19:46:05,-14:45:05.0,15.347,0.01,1.003,0.016,2,-2,-1.878,-1.036,2.143,1.265,1.041,0.7069
0,19:46:13,-14:43:01.3,15.592,0.013,0.837,0.014,5,0,0.449,0.178,1.206,0.625,0.511,0.3888
0,19:46:41,-15:14:43.2,15.571,0.012,0.941,0.018,2,-2,-2.028,0.276,1.066,0.609,0.469,0.3403
0,19:46:24,-15:17:24.3,15.848,0.014,0.807,0.02,2,-2,0.818,0.566,0.623,0.424,0.368,0.2459
0,19:46:17,-15:21:56.6,15.765,0.013,0.886,0.019,2,0,-1.068,-1.278,-0.367,0.499,0.413,0.2914
0,19:48:27,-15:10:38.7,15.526,0.011,0.805,0.016,2,-2,0.809,-0.514,0.082,0.421,0.369,0.2629
0,19:48:41,-15:11:17.2,15.658,0.012,0.922,0.018,2,-2,1.208,0.611,0.749,0.636,0.486,0.3847
0,19:48:23,-15:12:40.3,15.594,0.012,0.954,0.018,2,-2,0.487,-0.554,-0.103,0.65,0.558,0.469
0,19:48:25,-15:14:01.7,15.63,0.012,0.951,0.018,2,-2,2.658,-1.921,0.541,1.02,0.994,0.6758
0,19:48:17,-14:54:52.0,15.419,0.01,0.896,0.015,2,-2,-1.729,0.657,1.105,0.649,0.481,0.3403
0,19:48:20,-14:53:48.5,15.233,0.009,0.914,0.013,2,-2,2.261,-1.066,1.196,0.867,0.577,0.398
0,19:48:20,-14:53:50.0,15.502,0.01,0.904,0.016,2,-2,-0.576,-0.664,1.217,1.084,0.745,0.501
0,19:48:25,-14:49:59.5,15.683,0.012,0.934,0.018,2,-2,3.829,-2.306,-0.81,2.124,1.702,1.0873
0,19:48:41,-14:49:43.3,15.618,0.011,0.925,0.017,2,-2,-2.088,-1.549,0.25,0.834,0.605,0.5395
0,19:46:48,-14:54:30.5,15.588,0.012,0.976,0.018,2,-2,1.564,-0.103,0.449,0.655,0.562,0.3392
0,19:46:29,-14:52:46.2,14.86,0.007,0.996,0.011,2,-2,1.146,-0.794,0.862,0.496,0.386,0.2668
0,19:46:44,-14:48:26.2,15.82,0.014,0.855,0.021,2,-2,0.118,0.374,0.098,0.552,0.413,0.3302
0,19:46:40,-14:46:10.6,15.453,0.011,0.969,0.017,2,-2,0.041,-0.123,0.674,0.673,0.53,0.3818
0,19:46:28,-14:43:18.1,15.375,0.007,0.946,0.011,4,-2,-2.411,-1.52,0.017,0.858,0.662,0.6075
0,19:46:45,-14:42:54.8,15.542,0.012,0.948,0.016,3,-2,0.529,0.34,1.024,0.645,0.499,0.3861
0,19:42:21,-14:29:50.7,15.726,0.009,0.858,0.013,4,-2,0.24,-1.193,0.679,0.437,0.405,0.2777
0,19:41:54,-14:42:23.3,15.676,0.012,0.926,0.019,2,-2,1.318,1.131,0.891,0.703,0.552,0.3844
0,19:41:49,-14:32:03.1,15.568,0.011,0.874,0.018,2,-2,0.028,-1.551,0.523,0.452,0.425,0.2706
0,19:41:47,-14:42:32.8,15.771,0.013,0.881,0.021,2,-2,-1.893,-1.492,1.074,0.664,0.551,0.373
0,19:44:12,-14:30:33.4,15.304,0.01,0.859,0.016,2,-2,-1.32,-1.256,0.876,0.637,0.541,0.3642
0,19:43:31,-14:32:35.7,14.807,0.007,0.962,0.011,2,-2,-0.612,-0.346,0.211,0.279,0.243,0.1695
0,19:44:17,-14:35:36.1,15.498,0.011,1.039,0.019,2,-2,-3.606,-3.214,0.294,2.331,2.42,1.0478
0,19:44:16,-14:36:33.6,15.201,0.009,0.924,0.014,2,-2,0.463,-0.929,0.289,0.419,0.393,0.2368
0,19:44:02,-14:38:45.7,15.513,0.011,0.976,0.019,2,-2,-2.226,0.786,0.892,0.761,0.676,0.4574
0,19:44:02,-14:13:08.9,15.729,0.012,0.856,0.019,2,-2,1.041,-0.284,0.122,0.921,0.647,0.5062
0,19:44:05,-14:11:25.0,13.619,0.003,0.935,0.005,2,-2,-3.386,-1.074,-0.022,1.148,0.799,0.6541
0,19:44:17,-14:10:19.5,15.681,0.012,0.889,0.018,2,-2,-0.295,-0.081,-0.026,0.725,0.534,0.4064
0,19:44:20,-14:06:12.1,15.705,0.012,0.881,0.019,2,0,-0.186,-1.639,0.781,0.617,0.465,0.3349
0,19:41:38,-14:15:14.2,15.817,0.014,0.809,0.022,2,-2,-2.934,-0.986,1.175,1.266,1.125,0.7269
0,19:41:43,-14:13:27.1,15.685,0.013,0.937,0.021,2,-2,0.855,0.475,1.13,0.876,0.853,0.4878
0,19:41:50,-14:13:26.9,15.343,0.01,0.964,0.016,2,-2,0.939,1.556,0.71,0.654,0.623,0.337
0,19:41:53,-14:12:31.1,15.23,0.009,0.935,0.015,2,-2,0.838,-0.982,0.886,0.585,0.55,0.3112
0,19:41:52,-14:09:44.0,14.942,0.008,0.828,0.012,2,-2,-1.098,0.287,0.521,0.318,0.268,0.1759
0,19:42:31,-14:04:50.8,15.582,0.008,0.898,0.013,4,-2,-0.91,-0.16,0.715,0.624,0.469,0.3551
0,19:43:20,-14:41:45.5,15.525,0.011,0.982,0.017,2,-2,1.689,-1.252,0.622,0.701,0.625,0.43
0,19:42:56,-14:35:07.2,15.428,0.01,0.974,0.016,2,-2,1.005,-1.475,0.713,0.47,0.416,0.3235
0,19:42:48,-14:33:45.7,15.622,0.012,0.962,0.018,2,-2,1.158,0.791,0.442,0.54,0.495,0.3181
0,19:44:47,-14:35:06.9,13.871,0.004,1.095,0.006,2,-2,-0.187,-0.237,0.038,0.277,0.206,0.1476
0,19:45:06,-14:36:41.3,15.523,0.011,1.034,0.018,2,-2,-0.165,-0.059,0.06,0.315,0.238,0.1496
0,19:44:41,-14:37:07.8,15.58,0.012,0.947,0.018,2,-2,0.008,0.692,0.534,0.629,0.515,0.3745
0,19:44:32,-14:38:05.0,14.876,0.007,1.15,0.012,2,-2,-0.311,-0.17,-0.163,0.448,0.4,0.2564
0,19:44:49,-14:38:05.4,15.082,0.008,1.099,0.014,2,-2,-0.597,-0.368,-0.229,0.937,0.912,0.5853
0,19:44:31,-14:39:17.6,14.675,0.006,1.062,0.01,2,-2,-0.361,0.185,-0.306,0.308,0.256,0.1814
0,19:44:35,-14:40:45.7,14.426,0.005,1.083,0.009,2,-2,-0.176,-0.223,0.195,0.304,0.246,0.1836
0,19:45:00,-14:41:05.0,13.851,0.004,1.101,0.006,2,-2,0.275,0.01,-0.16,0.198,0.167,0.1135
0,19:44:56,-14:41:17.1,14.88,0.007,1,0.011,2,-2,0.292,0.222,0.176,0.34,0.294,0.1873
0,19:44:59,-14:42:17.9,14.205,0.005,1.086,0.008,2,-2,-0.457,-0.568,0.134,0.257,0.227,0.1417
0,19:44:26,-14:06:12.4,15.762,0.012,0.792,0.018,2,-2,-0.683,0.04,0.477,0.487,0.377,0.263
0,19:44:36,-14:13:20.6,15.563,0.011,0.925,0.016,2,0,4.832,-1.091,2.895,2.292,1.395,0.9746
0,19:44:40,-14:06:42.7,15.673,0.012,0.861,0.018,2,-2,-1.179,0.24,0.775,0.696,0.494,0.391
0,19:44:57,-14:06:47.1,15.773,0.013,0.883,0.019,2,-2,-2.061,-0.487,0.666,0.723,0.536,0.3265
0,19:45:04,-14:07:10.9,15.597,0.011,0.972,0.017,2,-2,1.033,-1.393,0.958,1.067,0.741,0.5049
0,19:45:16,-14:15:12.4,15.589,0.011,0.967,0.017,2,0,0.421,0.494,-0.274,1.179,0.88,0.7245
0,19:43:26,-14:13:28.2,15.557,0.012,0.85,0.018,2,-2,-1.696,0.731,0.094,0.53,0.384,0.3044
0,19:43:08,-14:07:07.8,15.53,0.011,0.795,0.016,2,-2,-0.664,-0.579,0.608,0.4,0.308,0.2735
0,19:43:57,-14:25:02.2,15.109,0.008,0.872,0.013,2,-2,-0.329,-0.647,0.458,0.405,0.307,0.2078
0,19:43:31,-13:50:25.0,15.501,0.01,0.917,0.016,2,-2,-2.014,-1.62,0.046,0.647,0.466,0.3755
0,19:43:46,-13:58:49.8,15.505,0.01,0.947,0.017,2,-2,-1.388,0.368,-0.308,0.781,0.633,0.4795
0,19:41:50,-13:57:27.4,15.237,0.009,0.93,0.014,2,-2,-0.89,-0.557,0.824,0.71,0.586,0.3501
0,19:42:21,-13:55:35.2,15.364,0.01,0.888,0.016,2,-2,-0.563,0.617,0.946,0.596,0.49,0.3002
0,19:42:04,-13:51:58.5,15.433,0.011,0.934,0.017,2,-2,0.73,0.515,0.912,1.018,0.81,0.511
0,19:42:21,-13:51:04.2,15.76,0.013,0.834,0.02,2,-2,-0.836,-1.55,0.249,0.843,0.695,0.3689
0,19:41:49,-13:51:00.6,15.718,0.013,0.928,0.021,2,-2,-0.788,-2.387,0.614,0.887,0.774,0.4412
0,19:43:20,-14:29:45.2,15.372,0.01,0.877,0.015,2,-2,-0.358,-0.805,0.173,0.302,0.26,0.178
0,19:43:04,-14:19:39.7,15.54,0.011,0.917,0.017,2,-2,-1.59,-2.508,1.382,0.983,0.863,0.6174
0,19:42:55,-14:17:59.5,15.59,0.012,0.968,0.018,2,-2,-0.192,-1.793,0.581,0.624,0.547,0.3907
0,19:42:53,-14:20:49.9,15.61,0.012,0.882,0.018,2,-2,-0.619,0.913,1.131,0.799,0.697,0.5042
0,19:44:57,-14:19:46.1,15.463,0.011,0.948,0.017,2,-2,-0.857,-1.93,0.031,0.827,0.627,0.5095
0,19:45:12,-14:25:18.8,15.16,0.009,0.985,0.014,2,-2,1.641,-1.513,1.171,0.731,0.585,0.4351
0,19:44:28,-14:28:41.4,15.791,0.014,0.858,0.021,2,-2,-0.253,-1.68,1.008,0.648,0.469,0.3481
0,19:45:02,-14:29:11.8,15.528,0.011,0.972,0.017,2,-2,0.655,-0.641,1.137,0.685,0.531,0.4036
0,19:44:24,-13:58:44.9,15.507,0.01,0.91,0.016,2,-2,2.78,0.295,1.351,1.213,0.863,0.5092
0,19:44:25,-13:57:34.9,15.615,0.011,0.798,0.016,2,-2,1.074,0.47,0.24,0.5,0.376,0.2232
0,19:44:28,-13:56:30.9,15.596,0.011,0.853,0.016,2,-2,-0.537,0.785,0.121,0.599,0.434,0.2665
0,19:44:35,-13:55:37.7,15.636,0.011,0.904,0.017,2,-2,-0.293,0.551,0.553,0.896,0.553,0.3112
0,19:44:44,-13:59:11.7,15.741,0.012,0.894,0.018,2,-2,3.347,1.439,0.239,1.716,1.207,0.801
0,19:44:47,-13:58:24.4,15.347,0.009,0.915,0.014,2,-2,-1.114,-0.806,0.796,0.68,0.436,0.2743
0,19:45:01,-13:52:54.8,15.658,0.012,0.928,0.018,2,-2,-0.954,-1.154,1.113,0.601,0.505,0.3403
0,19:45:02,-13:56:26.9,15.725,0.012,0.896,0.018,2,-2,-1.6,-0.41,0.598,0.613,0.458,0.299
0,19:45:16,-13:59:10.3,15.669,0.012,0.938,0.018,2,-2,-0.508,0.909,0.513,0.97,0.733,0.4911
0,19:43:26,-14:00:44.7,15.583,0.012,0.947,0.018,2,-2,1.692,-0.123,0.462,0.871,0.595,0.5709
0,19:42:45,-13:58:12.7,15.545,0.012,0.894,0.018,2,-2,1.009,-0.724,0.406,0.531,0.407,0.2709
0,19:43:11,-13:53:16.2,15.285,0.01,0.952,0.015,2,-2,-1.714,-1.063,0.879,0.598,0.469,0.3408
0,19:46:12,-14:34:39.5,15.848,0.01,0.799,0.015,4,-2,-0.198,-1.444,0.18,0.54,0.427,0.3545
0,19:46:11,-14:33:51.4,15.71,0.009,0.93,0.014,4,-2,0.322,-1.631,0.333,0.718,0.567,0.4713
0,19:45:54,-14:33:50.2,15.489,0.011,1.06,0.018,2,-2,3.378,1.277,-0.272,1.301,1.061,0.86
0,19:45:51,-14:41:35.0,15.655,0.012,0.925,0.018,2,-2,0.264,-0.932,0.577,0.742,0.592,0.4128
0,19:45:50,-14:31:04.6,15.452,0.01,1.019,0.016,2,-2,-0.184,0.055,0.176,0.956,0.7,0.5181
0,19:45:48,-14:41:52.7,15.063,0.008,0.932,0.013,2,-2,0.734,-0.995,0.734,0.504,0.375,0.2831
0,19:45:35,-14:35:38.8,15.755,0.013,0.815,0.019,2,-2,-1.479,-0.443,0.438,0.535,0.436,0.2959
0,19:47:49,-14:32:42.1,15.347,0.01,0.941,0.016,2,-2,-0.526,0.896,0.913,0.603,0.447,0.3253
0,19:47:41,-14:36:45.8,15.519,0.011,0.967,0.018,2,-2,-2.197,-0.736,0.79,0.638,0.495,0.3336
0,19:47:47,-14:40:06.2,14.895,0.007,0.831,0.011,2,-2,0.382,-0.527,0.405,0.331,0.252,0.1932
0,19:47:34,-14:40:38.4,15.384,0.01,0.946,0.016,2,-2,-1.091,-1.372,0.478,0.534,0.384,0.3011
0,19:47:39,-14:03:37.7,15.729,0.009,0.92,0.014,4,-2,-0.854,0.278,0.796,0.766,0.662,0.6745
0,19:45:47,-14:13:08.1,15.127,0.009,0.95,0.014,2,-2,1.27,0.363,1.135,0.642,0.434,0.3506
0,19:45:57,-14:10:43.8,15.427,0.011,0.929,0.017,2,-2,-0.937,-0.887,0.854,0.508,0.354,0.2629
0,19:45:22,-14:10:23.1,15.742,0.014,0.862,0.021,2,-2,1,-1.205,0.748,0.708,0.483,0.3674
0,19:45:19,-14:08:59.2,15.697,0.013,0.913,0.021,2,-2,-1.032,-1.522,0.98,0.637,0.425,0.3208
0,19:47:01,-14:39:53.0,15.592,0.013,0.922,0.019,2,-2,0.155,-1.285,0.259,0.589,0.416,0.3146
0,19:48:11,-14:16:35.6,15.414,0.01,0.943,0.013,4,-2,-1.931,0.928,0.073,0.562,0.45,0.3607
0,19:48:15,-14:16:19.1,15.409,0.011,0.867,0.016,2,-2,0.494,0.408,0.415,0.424,0.357,0.2456
0,19:46:16,-14:13:11.6,15.37,0.011,0.988,0.017,2,-2,-0.872,0.827,1.444,1.072,0.875,0.4779
0,19:46:34,-14:12:44.8,15.364,0.011,0.936,0.017,2,0,1.184,-0.259,0.837,0.578,0.466,0.2665
0,19:46:17,-14:11:48.3,15.536,0.013,0.879,0.019,2,-2,1.045,1.062,0.505,0.579,0.461,0.2612
0,19:46:55,-14:09:34.9,15.737,0.015,0.878,0.022,2,-2,-1.267,-0.702,0.493,0.533,0.472,0.2719
0,19:46:37,-14:06:09.9,15.523,0.013,0.911,0.019,2,-2,1.635,-0.657,1.13,0.828,0.795,0.3957
0,19:46:24,-14:04:29.0,15.396,0.012,0.942,0.018,2,0,-2.601,-2.864,1.433,1.12,0.882,0.6604
0,19:45:57,-14:16:59.6,15.336,0.01,0.88,0.016,2,-2,0.586,-0.602,0.708,0.623,0.382,0.2569
0,19:47:09,-13:51:19.4,15.589,0.012,1.009,0.019,2,-2,3.908,-4.215,0.911,2.024,1.631,1.1945
0,19:47:14,-14:01:59.1,15.268,0.01,0.801,0.014,2,-2,0.078,-0.794,0.002,0.518,0.443,0.3514
0,19:47:26,-13:53:15.8,15.689,0.013,0.95,0.02,2,-2,0.037,0.525,0.795,0.837,0.693,0.5526
0,19:47:39,-13:50:41.5,15.628,0.012,0.879,0.018,2,-2,-1.258,0.309,0.34,0.652,0.54,0.3972
0,19:47:44,-13:53:22.3,15.568,0.012,0.927,0.018,2,-2,0.74,-0.821,1.333,0.849,0.751,0.5513
0,19:45:45,-14:02:59.8,15.507,0.013,0.984,0.02,2,-2,-0.752,-0.31,0.952,0.488,0.39,0.3101
0,19:46:22,-14:24:34.3,15.562,0.029,0.913,0.032,2,-1,0.364,-2.199,1.734,1.088,0.883,0.6623
0,19:48:12,-13:51:02.2,15.687,0.032,0.797,0.035,2,-2,-1.229,-1.15,0.388,0.422,0.341,0.2627
0,19:48:12,-13:54:52.5,14.894,0.016,0.895,0.018,2,-2,-0.01,0.283,1.148,0.781,0.65,0.5509
0,19:48:54,-13:56:43.0,15.541,0.028,0.957,0.031,2,-2,-0.519,-0.668,1.234,0.765,0.496,0.414
0,19:46:55,-14:02:39.7,15.558,0.032,0.924,0.035,2,-1,0.796,0.019,0.743,0.605,0.564,0.2958
0,19:47:04,-13:57:56.0,15.763,0.038,0.816,0.041,2,0,-0.631,-1.443,0.619,0.47,0.432,0.4087
0,19:46:54,-13:56:30.0,15.525,0.031,0.905,0.034,2,-1,-0.33,-0.815,0.814,0.45,0.408,0.3112
0,19:44:58,-14:48:28.2,13.549,0.046,1.159,0.062,0,0,0.002,-0.076,0.003,0.249,0.216,0.1452
0,19:44:57,-14:49:20.5,12.478,0.035,1.105,0.046,0,0,-0.133,0.033,-0.099,0.135,0.114,0.0782
0,19:45:00,-14:49:15.4,14.604,0.1,1.038,0.128,0,0,-0.541,-0.54,0.019,0.36,0.314,0.2156
0,19:44:54,-14:46:18.1,14.178,0.079,1.145,0.099,0,0,0.341,0.546,0.111,0.35,0.305,0.2122
0,19:44:54,-14:49:35.0,14.053,0.064,1.097,0.084,0,0,-0.791,0.257,0.043,0.473,0.401,0.2533
0,19:44:58,-14:45:51.0,13.183,0.038,1.176,0.05,0,0,-0.265,-0.197,0.071,0.216,0.186,0.1238
0,19:44:53,-14:45:52.8,14.075,0.078,1.079,0.098,0,0,0.059,-0.329,-0.23,0.235,0.21,0.1282
0,19:44:53,-14:45:24.6,14.064,0.065,1.059,0.081,0,0,-0.161,-0.223,-0.13,0.343,0.307,0.2005
0,19:44:58,-14:44:56.2,13.578,0.047,1.112,0.061,0,0,-0.408,-0.534,0.225,0.216,0.185,0.1227
0,19:44:58,-14:44:47.0,12.984,0.035,1.201,0.047,0,0,-0.114,-0.085,0.033,0.161,0.132,0.0934
0,19:44:48,-14:45:18.4,14.033,0.068,1.099,0.085,0,0,0.265,-0.101,-0.23,0.226,0.19,0.131
0,19:44:57,-14:44:25.3,13.727,0.059,1.142,0.079,0,0,0.111,0.068,-0.038,0.336,0.297,0.1618
0,19:44:52,-14:44:29.7,14.29,0.078,1.097,0.095,0,0,0.304,-0.137,-0.373,0.274,0.232,0.1593
0,19:44:58,-14:44:09.3,14.139,0.072,0.992,0.084,0,0,0.12,0.037,0.168,0.248,0.205,0.1347
0,19:44:50,-14:44:10.3,14.174,0.071,0.992,0.087,0,0,-0.222,0.304,0.085,0.285,0.239,0.1635
0,19:45:06,-14:51:36.0,14.483,0.1,1.201,0.122,0,0,-0.285,0.234,-0.141,0.401,0.344,0.2191
0,19:44:52,-14:43:20.4,13.441,0.042,1.159,0.055,0,0,-1.049,-0.223,0.539,0.257,0.213,0.1486
0,19:45:00,-14:52:30.6,14.593,0.103,1.007,0.127,0,0,0.302,0.29,-0.03,0.334,0.308,0.1897
0,19:44:55,-14:52:46.8,14.247,0.072,1.053,0.09,0,0,-0.018,-0.208,-0.083,0.252,0.22,0.1479
0,19:44:46,-14:52:21.6,12.839,0.032,1.157,0.046,0,0,-0.196,-0.06,-0.042,0.162,0.146,0.0858
0,19:44:54,-14:53:04.0,14.312,0.086,0.955,0.102,0,0,-0.478,-0.411,0.137,0.266,0.229,0.1581
0,19:44:59,-14:42:17.9,14.238,0.07,1.014,0.085,0,0,-0.457,-0.568,0.134,0.257,0.227,0.1417
0,19:44:32,-14:49:26.7,13.079,0.039,1.172,0.053,0,0,-0.227,-0.069,-0.037,0.16,0.134,0.0964
0,19:44:57,-14:54:08.3,13.953,0.062,1.105,0.071,0,0,-0.502,-0.213,-0.045,0.224,0.205,0.1271
0,19:44:30,-14:48:36.0,13.484,0.055,1.161,0.07,0,0,0.17,-0.003,-0.002,0.208,0.178,0.1267
0,19:45:04,-14:54:44.7,14.594,0.102,1.177,0.127,0,0,0.504,-0.302,-0.218,0.388,0.352,0.2304
0,19:45:04,-14:55:02.3,14.477,0.089,1.07,0.116,0,0,0.3,0.441,-0.27,0.292,0.264,0.1797
0,19:45:06,-14:54:58.0,13.987,0.057,1.201,0.073,0,0,-0.186,-0.005,0.224,0.252,0.225,0.1531
0,19:44:31,-14:39:17.4,14.564,0.107,1.038,0.132,0,0,-0.361,0.185,-0.306,0.308,0.256,0.1814
0,19:45:13,-14:58:43.9,13.353,0.038,1.098,0.052,0,0,-0.17,0.002,0.059,0.165,0.147,0.1013
0,19:45:21,-14:59:05.0,14.602,0.1,0.866,0.117,0,0,-0.479,-0.101,0.077,0.247,0.22,0.1537
0,19:44:47,-14:35:06.9,13.737,0.053,1.106,0.068,0,0,-0.187,-0.237,0.038,0.277,0.206,0.1476
0,19:45:44,-14:55:53.3,13.567,0.047,1.021,0.059,0,0,-0.18,-0.003,-0.147,0.161,0.145,0.0957
0,19:43:31,-14:32:35.7,14.676,0.096,1.201,0.127,0,0,-0.612,-0.346,0.211,0.279,0.243,0.1695
0,19:42:22,-14:45:12.0,14.101,0.065,0.954,0.078,0,0,-2.199,-1.621,1.416,0.901,0.698,0.5268
0,19:47:47,-14:40:06.2,14.766,0.1,0.872,0.115,0,0,0.382,-0.527,0.405,0.331,0.252,0.1932
0,19:41:47,-15:01:25.9,14.443,0.077,0.841,0.087,0,0,-0.548,-0.134,0.064,0.214,0.156,0.1264
0,19:43:14,-15:28:47.8,14.704,0.105,1.032,0.128,0,0,-0.994,-0.842,0.019,0.323,0.249,0.1724
0,19:42:53,-13:51:37.5,14.69,0.103,0.794,0.117,0,0,0.012,-0.157,0.437,0.262,0.182,0.1512
0,19:48:12,-13:54:52.5,14.806,0.101,1.101,0.13,0,0,-0.01,0.283,1.148,0.781,0.65,0.5509
